image_filename,identification
Corvus-corax_aaronbalam_tutor_none_3277918_0.jpeg,animal
Corvus-corax_aarondeleon_cc-by-nc_1099543_0.jpeg,animal
Corvus-corax_aarondeleon_cc-by-nc_1099591_0.jpeg,animal
Corvus-corax_aarongunnar_cc-by_758548_0.jpeg,animal
Corvus-corax_aarongunnar_cc-by_1558763_0.jpeg,animal
Corvus-corax_abr_cc-by-nc_553132_0.jpeg,animal
Corvus-corax_abr_cc-by-nc_602247_0.jpeg,animal
Corvus-corax_abr_cc-by-nc_2720261_0.jpeg,animal
Corvus-corax_adrained_cc-by-nc-sa_178717_0.jpeg,animal
Corvus-corax_adrained_cc-by-nc-sa_2727307_0.jpeg,none
Corvus-corax_alanrosesia_none_2102846_0.jpeg,none
Corvus-corax_alanrosesia_none_2102846_1.jpeg,none
Corvus-corax_alexmor_cc-by-nc_4290555_0.jpeg,none
Corvus-corax_aliashraf_none_3024836_0.jpeg,animal
Corvus-corax_allisonpeters_cc0_3017554_0.jpeg,animal
Corvus-corax_andriy_cc-by-nc_2219708_0.jpeg,animal
Corvus-corax_annemirdl_cc-by-nc_352767_0.jpeg,animal
Corvus-corax_vireolanius_cc-by-nc_2971532_0.jpeg,animal
Corvus-corax_wouterkoch_cc0_3441217_0.jpeg,animal
Corvus-corax_zapaliname_cc-by-nc_3944475_0.jpeg,animal